Method:QS1pL,Times,Comparisons,Size: 10000,,Method:QS1pM,Times,Comparisons,Size: 10000,,Method:QS1pR,Times,Comparisons,Size: 10000,,Method:QS2pR,Times,Comparisons,Size: 10000,,Method:QS3pR,Times,Comparisons,Size: 10000,,Method:QS2pRPre,Times,Comparisons,Size: 10000,,Method:QS3pRPre,Times,Comparisons,Size: 10000,
,0.023056472999996913,237102,,,,0.037523291000013614,240297,,,,0.026786820000012312,252899,,,,0.03710351800000922,128209,,,,0.0224708679999992,114030,,,,0.04460647599998424,185466,,,,0.04411547200001564,180270,,
,0.025210758000014266,242870,,,,0.038466072000005624,244028,,,,0.025521017999977857,246741,,,,0.02373183100002052,128008,,,,0.02013296600000558,112051,,,,0.04512290700000676,175489,,,,0.046553537000022516,185845,,
,0.021369069000002128,230974,,,,0.038528736000017716,238099,,,,0.025368140000011863,246803,,,,0.023605845000020054,129375,,,,0.020468789000005927,114738,,,,0.05025384999999005,175247,,,,0.04475574800000004,185703,,
,0.021981598999985863,237635,,,,0.040574239999983774,250338,,,,0.0255244679999862,247993,,,,0.023489436000005526,127365,,,,0.020160938000003625,109083,,,,0.04883709599999975,187501,,,,0.04428811399998267,179441,,
,0.02246541299999194,241704,,,,0.03739884700001994,238522,,,,0.02667894800001136,261429,,,,0.023374079000006986,130259,,,,0.02068982000000119,113737,,,,0.044742393999996466,178796,,,,0.044179777000010745,176096,,
,0.02169885000000704,237230,,,,0.03892990499997495,245964,,,,0.02588556599999947,251349,,,,0.023034295999991627,130979,,,,0.020905575000000454,113686,,,,0.045306081999996195,184543,,,,0.04542244299997833,184106,,
,0.0221820149999985,240101,,,,0.03773929399997655,244317,,,,0.026903731999993852,255934,,,,0.02383039300002565,131815,,,,0.02079508799999985,114186,,,,0.046451947999997856,181126,,,,0.04501708499998358,190588,,
,0.021781701999998404,239310,,,,0.037305939999981774,237965,,,,0.025807446999976946,248138,,,,0.022991493000006358,124783,,,,0.021471190999989176,111270,,,,0.04643429800000831,196746,,,,0.04293580500001326,180220,,
,0.020502375000006623,226767,,,,0.03798370300000897,243800,,,,0.025385904999978948,249035,,,,0.022726730999977462,123921,,,,0.020442043999992165,111510,,,,0.04695288100000994,190382,,,,0.04488155499998925,184437,,
,0.021518795999980966,232456,,,,0.036920715999997356,237963,,,,0.025027330000000347,242649,,,,0.02328180799997881,127593,,,,0.02004782600002386,110076,,,,0.04762107700000229,192921,,,,0.044395758999996815,184003,,
,0.021376056000008248,234089,,,,0.0382222800000136,246876,,,,0.026493426999991243,246867,,,,0.02393213900001001,132359,,,,0.02118434599998409,111297,,,,0.04588235099998883,182832,,,,0.04519981999999345,176282,,
,0.022021596000001864,242466,,,,0.03793588199999931,248764,,,,0.026806161999985534,252803,,,,0.02289416200000005,124800,,,,0.020444729000018924,111298,,,,0.04893171399999119,190380,,,,0.04499519099999816,181487,,
,0.03131509299998925,243732,,,,0.03803226899998435,248393,,,,0.025481587000001582,245518,,,,0.022789612000025272,128256,,,,0.020038366999983737,112092,,,,0.04706621400001154,191402,,,,0.043978903999999375,174502,,
,0.021396334999991495,234061,,,,0.0381481279999889,249255,,,,0.02519480999998791,244853,,,,0.022201926000008143,122858,,,,0.019761638999995057,108770,,,,0.046790270000002465,182904,,,,0.044938317999992705,177300,,
,0.02180003600000191,237041,,,,0.03955765500001007,262979,,,,0.025752459000017325,252533,,,,0.02356171599998902,122356,,,,0.019840163999987226,109168,,,,0.045202514000010297,181475,,,,0.045097776999995176,183235,,
,0.022835775000004332,248240,,,,0.038619737999994186,254680,,,,0.027115334000001212,251351,,,,0.022816658000010648,126534,,,,0.021162032000006548,116833,,,,0.04788312200000178,190366,,,,0.04531008600000064,185314,,
,0.022921307000018487,239034,,,,0.037853346999980886,240788,,,,0.02558347799998728,251981,,,,0.022167494000001398,123656,,,,0.020732033000001593,114137,,,,0.045161569999976336,180003,,,,0.044788543000009895,172964,,
,0.022730676999998423,235590,,,,0.03734864399999083,237379,,,,0.025121066999986397,246559,,,,0.023233769000000848,125697,,,,0.020851099999987355,111067,,,,0.045816070000000764,185725,,,,0.0505092100000013,175019,,
,0.021585001999994802,236876,,,,0.03759123599999725,237080,,,,0.026512727000010727,251477,,,,0.023177502999999433,126335,,,,0.0207165209999971,111430,,,,0.04621908600000779,180486,,,,0.0458379210000146,180334,,
,0.022530947000007018,243247,,,,0.03735133500001098,243579,,,,0.02611577199999715,256876,,,,0.022726668999979438,126251,,,,0.02183399899999472,116006,,,,0.0451390510000067,181486,,,,0.04595166900000436,179241,,
,0.020863345000009303,229589,,,,0.03776604399999428,246410,,,,0.025541420999985576,242585,,,,0.02187168100002168,121597,,,,0.02050173099999597,111316,,,,0.0445372730000031,184189,,,,0.04523166499998865,181002,,
,0.021506958999992776,235945,,,,0.039054721000013615,244385,,,,0.025945118999999295,246514,,,,0.022660250999990694,124848,,,,0.021756575000011935,116278,,,,0.045760214000011956,187247,,,,0.04608654500000853,185043,,
,0.022461015000004636,237375,,,,0.03945105500000068,243175,,,,0.025179392000012513,242437,,,,0.022344943000007333,127132,,,,0.021234334000013178,111940,,,,0.04516523600000255,183654,,,,0.04352234300000646,177452,,
,0.022120497999992494,230044,,,,0.03889710100000343,244957,,,,0.02534906199997522,242656,,,,0.023218101999987084,126369,,,,0.021008800000004157,112675,,,,0.04509302599998932,176016,,,,0.045396008000011534,179160,,
,0.024031530999991446,237027,,,,0.03867943800000262,240199,,,,0.025418415000018513,248999,,,,0.024013478000000532,126309,,,,0.0202979350000021,110271,,,,0.0454460759999904,182101,,,,0.04575898900000652,179882,,
,0.02225562199998876,234828,,,,0.038199942999995073,249077,,,,0.026124270999986265,259377,,,,0.023638990999984344,132728,,,,0.020607272999995985,112508,,,,0.04589660599998524,185231,,,,0.0447391879999941,177534,,
,0.023677904999999555,238237,,,,0.0383269220000102,247150,,,,0.02562510600000678,250170,,,,0.02296166000002131,125875,,,,0.02000377600001002,112321,,,,0.04679794200001197,188591,,,,0.04402903099997957,173761,,
,0.022669479000001047,231573,,,,0.041569652999982054,248527,,,,0.025763372000000118,249894,,,,0.02272199899999805,125899,,,,0.020659980000004907,112753,,,,0.048248076000021456,193417,,,,0.04550265400001763,179339,,
,0.02223465699998428,238365,,,,0.03790888500000733,245678,,,,0.025849215999983244,251456,,,,0.021760851999999886,122103,,,,0.02029144700000529,110157,,,,0.045365886000013234,183170,,,,0.04536266700000624,201043,,
,0.02268764200002238,231786,,,,0.040303991000001815,257157,,,,0.025824325999991515,248690,,,,0.0235273730000074,127263,,,,0.020649349999985134,114220,,,,0.04558333800000014,179083,,,,0.04578574900000376,182485,,
,0.022672409000023208,237294,,,,0.03883707800000025,242676,,,,0.02619775599998775,248317,,,,0.022537956999997277,126154,,,,0.0203836559999786,113643,,,,0.04587793100000681,180332,,,,0.04437692499999457,176044,,
,0.022458292999999685,233141,,,,0.038005854000005,240783,,,,0.02714427699999078,257861,,,,0.022375205000003007,124094,,,,0.01972927700001037,109225,,,,0.04474811000000045,182816,,,,0.04884506899998087,194400,,
,0.02185732699999221,227959,,,,0.03945699700000205,247245,,,,0.02498077200002058,243707,,,,0.02215979100000709,125573,,,,0.02035997099997644,112195,,,,0.045544764999988274,185127,,,,0.045331489999995256,183101,,
,0.02442223200000626,242158,,,,0.03837552799998889,248080,,,,0.02885772400000519,249502,,,,0.023238415000008672,127833,,,,0.021454180000006318,111732,,,,0.04566729300000816,185769,,,,0.045804229999987456,178326,,
,0.0238961169999925,228602,,,,0.03839928299998974,245807,,,,0.032428133999985675,247470,,,,0.02425909800001591,127847,,,,0.020481462000020656,114642,,,,0.048394861999980776,175820,,,,0.04388101199998573,175900,,
,0.023117218999999523,237142,,,,0.03937710699997865,253935,,,,0.028351413999985198,262449,,,,0.02309897199998545,124938,,,,0.01986999000001788,111882,,,,0.045966827000000876,183610,,,,0.04597766899999556,185729,,
,0.022005727999982128,231599,,,,0.039058972999981734,249119,,,,0.02876811999999518,273398,,,,0.023067208000014716,126011,,,,0.020613849999989498,111233,,,,0.0437730450000231,176388,,,,0.045357002999992346,177147,,
,0.022051245000000108,235177,,,,0.03839463500000306,240408,,,,0.025781998000013573,253278,,,,0.023252837000001136,128760,,,,0.020343314000001556,111158,,,,0.04867463900001212,201090,,,,0.04496488499998463,182422,,
,0.02265711799998371,234376,,,,0.037374736999993274,234945,,,,0.025901976000000104,255653,,,,0.02321249300001682,130667,,,,0.020267154999999093,112678,,,,0.046319586999999274,190396,,,,0.044306774000006044,173139,,
,0.02254527899998493,233918,,,,0.037788495999990346,242096,,,,0.026173442000015257,248587,,,,0.02401163400000428,129746,,,,0.020854296999999633,114927,,,,0.045994436999990285,180172,,,,0.04571572900002252,189868,,
,0.025754495999990468,231838,,,,0.03727899199998319,241273,,,,0.025083303999991813,247894,,,,0.02215878800001292,121316,,,,0.02044875699999693,113478,,,,0.046910685000000285,183164,,,,0.04590555999999424,179095,,
,0.02210270300000161,228151,,,,0.039792761000001065,241411,,,,0.02730829300000437,263293,,,,0.024281896000019287,130869,,,,0.01968502600001898,109348,,,,0.046127339999998185,190008,,,,0.044427193000018406,170973,,
,0.02236201699997764,236006,,,,0.04239763900000071,242245,,,,0.02711234600002399,265179,,,,0.022851250999991635,126203,,,,0.020702954999990197,110788,,,,0.04615837399998668,178353,,,,0.04361667799997804,175810,,
,0.02213802199997872,235074,,,,0.0435240859999908,246884,,,,0.025142997999978434,248172,,,,0.02462756299999569,136453,,,,0.02013914700000896,112368,,,,0.0462126660000024,179137,,,,0.04594986699999026,196643,,
,0.022784348000016053,235847,,,,0.04162142799998492,239363,,,,0.025915885000017624,251646,,,,0.022617589000020644,122860,,,,0.020237753000003522,109208,,,,0.04489765899998588,179247,,,,0.04467106900000317,180836,,
,0.025935455999984924,244222,,,,0.04313482399999202,242642,,,,0.025456402999992633,250982,,,,0.024603827999982286,131662,,,,0.02200663900001132,115125,,,,0.046165473000002066,193110,,,,0.04751820800001383,201173,,
,0.023384867000004306,257186,,,,0.037611483000006274,235433,,,,0.025722223000002487,250896,,,,0.022417139999987512,123704,,,,0.020924368000009963,116776,,,,0.046033564999987675,185445,,,,0.045623167999991665,184663,,
,0.021800304999999298,238001,,,,0.038418941000003315,245868,,,,0.025123486000012463,247586,,,,0.02318031799998721,126314,,,,0.020319862000008015,111561,,,,0.04467812300001128,178031,,,,0.04522921400001678,184003,,
,0.02232677199998534,243442,,,,0.03896274999999605,240896,,,,0.025499977999999146,252731,,,,0.022689656000011382,129878,,,,0.01999693999999863,113369,,,,0.04646752499999707,181031,,,,0.046102111999999806,183633,,
,0.021750013999991324,239720,,,,0.037995830999989266,240220,,,,0.025536769000012782,241243,,,,0.0231188799999984,124917,,,,0.020167172000014943,112490,,,,0.04468744999999785,183940,,,,0.04662919000000443,197697,,
,,,,,,,,,,,,,,,,,,,,,,,,,,,,,,,,,
Method:QS1pL,Times,Comparisons,Size: 100000,,Method:QS1pM,Times,Comparisons,Size: 100000,,Method:QS1pR,Times,Comparisons,Size: 100000,,Method:QS2pR,Times,Comparisons,Size: 100000,,Method:QS3pR,Times,Comparisons,Size: 100000,,Method:QS2pRPre,Times,Comparisons,Size: 100000,,Method:QS3pRPre,Times,Comparisons,Size: 100000,
,0.26948667300001716,2939941,,,,0.4379831480000007,3007118,,,,0.30780058599998483,3045488,,,,0.2706193100000007,1542783,,,,0.24793540000001713,1305804,,,,0.7739131980000025,2366480,,,,0.7168041640000524,2197132,,
,0.2738352790000249,3000971,,,,0.4314942869999925,3029054,,,,0.3080046239999774,3071255,,,,0.2885001470000077,1614875,,,,0.2585394790000066,1358155,,,,0.7478508700000077,2169980,,,,0.7394191309999769,2318869,,
,0.2731305540000051,3008269,,,,0.42006972800001563,2942375,,,,0.3163267730000143,3143621,,,,0.27567314199998805,1540178,,,,0.2661403259999986,1378958,,,,0.7322436819999893,2212678,,,,0.7308465529999921,2141462,,
,0.26043104199999334,2881251,,,,0.4328430820000051,3052640,,,,0.306937970000007,3055244,,,,0.2787430150000034,1537281,,,,0.24723316799997974,1317157,,,,0.7410611780000238,2307161,,,,0.7259257320000074,2136380,,
,0.27464053300002433,3062600,,,,0.43022705800001404,3070213,,,,0.334289799000004,3242054,,,,0.2698444100000188,1502193,,,,0.24636113099998624,1322487,,,,0.7440916109999876,2248465,,,,0.7224861579999811,2134875,,
,0.27555924200001414,2922938,,,,0.4407989399999792,3027440,,,,0.31327143099997556,3131830,,,,0.2672060280000039,1524067,,,,0.24234166499999787,1323329,,,,0.7237336639999796,2426560,,,,0.7344685630000072,2193627,,
,0.2794800359999954,3092009,,,,0.42774533800002246,3021565,,,,0.3177609749999988,3196931,,,,0.2792577869999775,1599560,,,,0.25272859700001504,1338179,,,,0.7391739319999999,2238063,,,,0.7106863480000243,2270332,,
,0.2861370939999972,3121313,,,,0.4265557699999931,2997836,,,,0.30780677699999615,3094074,,,,0.2631174779999981,1502277,,,,0.24582086600000252,1314135,,,,0.7369972809999865,2250735,,,,0.7258853400000476,2162778,,
,0.2835326069999837,3144512,,,,0.4307582870000033,3035483,,,,0.31310502300001986,3134200,,,,0.267450341,1530806,,,,0.2475982439999882,1340698,,,,0.7414667669999915,2277211,,,,0.7317374600000335,2155806,,
,0.2670075950000239,2929758,,,,0.42911638499998617,3045545,,,,0.31940497499999765,3106780,,,,0.2734608210000147,1556764,,,,0.24158423000000084,1319318,,,,0.7459672990000001,2351415,,,,0.72111877399999,2165621,,
,0.27241218600002526,3008023,,,,0.4296402310000076,2984756,,,,0.31896615499999825,3072697,,,,0.2766463889999784,1542796,,,,0.2492941250000058,1316840,,,,0.750278891000022,2255803,,,,0.7293727470000135,2192716,,
,0.27437054700001795,2995054,,,,0.4358935110000175,2995485,,,,0.32899866600001815,3151237,,,,0.26790629199999216,1512305,,,,0.251997676000002,1345918,,,,0.744833342999982,2218330,,,,0.737365527999998,2233212,,
,0.27061528999999496,2942004,,,,0.4284638690000122,2969453,,,,0.31230640399999743,3059171,,,,0.2769131990000062,1573531,,,,0.24610423199999332,1327941,,,,0.7269261199999733,2273035,,,,0.7156981910000013,2087394,,
,0.26855196500000034,2965136,,,,0.42844855399999915,3050400,,,,0.31753005199999507,3118571,,,,0.27550446099999704,1562366,,,,0.25281290999998873,1344698,,,,0.7615368429999876,2311635,,,,0.7206568729999958,2139082,,
,0.2738227789999996,3028546,,,,0.42542817099999297,3007669,,,,0.3054666710000049,3041827,,,,0.28205121199999894,1593176,,,,0.24980038900000068,1355164,,,,0.715134804999991,2202771,,,,0.7288200489999781,2170080,,
,0.2674182559999849,2914985,,,,0.4240901089999909,3012383,,,,0.3248400070000059,3151197,,,,0.277950828999991,1536974,,,,0.23907274999999117,1311483,,,,0.7330825419999769,2241596,,,,0.7404039589999911,2182907,,
,0.2613102779999963,2886774,,,,0.42724203200000943,3004068,,,,0.3136463340000262,3031281,,,,0.2681080700000109,1507059,,,,0.24213691599999265,1326747,,,,0.7304870090000009,2225723,,,,0.7377070670000307,2169212,,
,0.27544054899999537,2970981,,,,0.4258099420000008,2991742,,,,0.3206216609999899,3174891,,,,0.27819950200000676,1579299,,,,0.23788391699997646,1303174,,,,0.7507895380000491,2290298,,,,0.7302011969999853,2160042,,
,0.26436334100000636,2892815,,,,0.42360706100001266,2984169,,,,0.3301810689999911,3184827,,,,0.2646267899999941,1490414,,,,0.24226725699998042,1303895,,,,0.7552025169999865,2419356,,,,0.731807998000022,2197984,,
,0.2733139959999846,3004953,,,,0.4341706510000165,3091410,,,,0.3176461650000135,3105105,,,,0.2690170010000088,1534848,,,,0.24742998499999658,1337295,,,,0.7303629799999953,2277547,,,,0.7339690320000045,2183842,,
,0.2693682000000024,2937903,,,,0.4567439120000074,3351201,,,,0.3456700410000053,3182238,,,,0.2760091140000043,1561377,,,,0.2404863700000135,1303189,,,,0.7453469790000327,2205677,,,,0.7601977459999603,2298879,,
,0.28880202300001656,3116173,,,,0.4494084300000054,3102125,,,,0.3191933800000015,3106718,,,,0.2705260420000002,1535899,,,,0.2456789619999995,1318197,,,,0.7418133530000546,2200084,,,,0.7491823679999925,2197131,,
,0.274061176999993,2999544,,,,0.4229110280000157,3015210,,,,0.3203946790000032,3128162,,,,0.2673256119999792,1533368,,,,0.2526364609999803,1349489,,,,0.7510531039999933,2209602,,,,0.7308551020000209,2248286,,
,0.2695649679999974,2956127,,,,0.42483194000001845,3001965,,,,0.3258815900000229,3084702,,,,0.2777062609999916,1580269,,,,0.251736717,1379275,,,,0.7401047020000533,2251175,,,,0.7176052220000315,2108220,,
,0.2791143190000014,3041752,,,,0.43104775699998754,3064488,,,,0.33993577300000766,3132307,,,,0.28020394399999304,1581773,,,,0.25509038100000225,1376181,,,,0.7592543839999735,2228579,,,,0.7425715910000008,2207704,,
,0.2719989059999932,2958827,,,,0.42910266499998784,3036017,,,,0.3336506830000019,3164212,,,,0.2664274230000103,1496601,,,,0.25426836900001604,1343725,,,,0.7659769480000023,2209114,,,,0.750701117999995,2137556,,
,0.26811886199999435,2959103,,,,0.423035026000008,3004369,,,,0.3196000579999918,3052577,,,,0.27478710000002593,1579782,,,,0.24864089000001854,1335195,,,,0.7571800230000463,2210775,,,,0.7409049040000468,2193114,,
,0.26934532699999636,2927884,,,,0.4306406729999992,3063474,,,,0.3163181249999809,3090170,,,,0.26880461800001854,1523402,,,,0.24231171100001347,1321297,,,,0.7414024750000294,2253704,,,,0.7092973000000029,2105683,,
,0.2744056159999957,3007478,,,,0.43295015800001124,3137724,,,,0.32213403399998697,3094923,,,,0.2780975569999953,1592720,,,,0.24015711499998815,1326594,,,,0.7560168269999963,2331661,,,,0.7138010680000093,2183506,,
,0.2790284090000057,3053872,,,,0.42524582899997654,3036346,,,,0.3228057700000022,3123774,,,,0.27056952300000603,1528528,,,,0.2603985350000073,1412958,,,,0.7357883359999846,2234083,,,,0.7367611569999895,2264031,,
,0.27287017000000446,2984467,,,,0.4236616630000185,2988184,,,,0.3183244820000084,3048698,,,,0.27837123399999086,1572988,,,,0.2531322999999759,1379071,,,,0.7202272879999896,2125617,,,,0.7387854069999662,2101733,,
,0.27705403900000647,3042389,,,,0.4261834209999904,2994875,,,,0.32149725299998977,3109578,,,,0.2741980710000007,1537257,,,,0.2438191280000126,1330764,,,,0.7236469959999567,2184747,,,,0.7149762800000303,2117765,,
,0.2719909090000101,2933338,,,,0.43210496599999715,3080465,,,,0.3160172290000105,3050521,,,,0.2683011649999969,1507851,,,,0.24472676299998852,1353337,,,,0.7149033650000547,2196933,,,,0.7699351809999939,2184393,,
,0.2841509769999959,3101662,,,,0.4260593099999994,2988253,,,,0.3344731170000159,3197691,,,,0.28725593400000093,1635696,,,,0.255743171000006,1347146,,,,0.7583378890000176,2251770,,,,0.7347333459999845,2139706,,
,0.266453351999985,2915514,,,,0.4264754079999875,3054067,,,,0.31758905500001333,3123499,,,,0.28523076499999434,1597563,,,,0.2472587770000132,1317637,,,,0.73129646000001,2218171,,,,0.7119876330000352,2095001,,
,0.27031726499998854,2918395,,,,0.4296001369999942,3026687,,,,0.3223505409999916,3116040,,,,0.28784284599998955,1592761,,,,0.24774769900000138,1350786,,,,0.7217229050000356,2232864,,,,0.7218482170000016,2223367,,
,0.28223765799998546,3078029,,,,0.43150965799998175,3115643,,,,0.3103595979999909,3038606,,,,0.2804733929999941,1563837,,,,0.24716765200000168,1330806,,,,0.7278923399999826,2238824,,,,0.7297736550000309,2158618,,
,0.2767198379999911,3018320,,,,0.4282568590000153,2999500,,,,0.32050043700002107,3220039,,,,0.2878327939999963,1634754,,,,0.25025416300002234,1361132,,,,0.7459320870000283,2207386,,,,0.7229845670000259,2227005,,
,0.28388022999999407,3118258,,,,0.4241276459999881,3020081,,,,0.32729130000001305,3120238,,,,0.27002228300000297,1505779,,,,0.253237084999995,1337506,,,,0.7222484370000188,2172466,,,,0.7047298630000114,2163724,,
,0.27550129700000525,2979148,,,,0.4347550809999916,3110135,,,,0.3185690539999939,3106269,,,,0.2922742739999933,1605289,,,,0.2454156649999959,1342852,,,,0.7369503639999948,2198793,,,,0.7450105160000362,2209444,,
,0.2685606759999928,2961017,,,,0.4280288409999855,3079018,,,,0.32271005999999147,3150145,,,,0.2850669299999993,1535883,,,,0.24461495799999966,1313492,,,,0.7444029939999837,2213799,,,,0.7243190469999945,2132045,,
,0.27163016600002265,3006532,,,,0.437743179999984,2988165,,,,0.3219204490000038,3067084,,,,0.2796788320000019,1518576,,,,0.24487428899999486,1327981,,,,0.7696688849999873,2289681,,,,0.7146158329999821,2083383,,
,0.2730964299999812,2974412,,,,0.44089366399998653,3065146,,,,0.322051971999997,3112564,,,,0.28567301900000075,1563066,,,,0.24824999000000503,1357603,,,,0.7351316330000373,2257240,,,,0.7419517669999891,2194046,,
,0.27585667400001057,2980260,,,,0.42205957400000216,2981414,,,,0.3232268349999856,3053966,,,,0.2830467770000098,1577957,,,,0.24294837799999414,1322466,,,,0.7571065550000071,2219427,,,,0.7358046240000249,2155966,,
,0.2702288890000091,2946387,,,,0.4466457890000015,3152963,,,,0.3135505589999923,3060865,,,,0.28102987599999096,1604234,,,,0.24297441499999195,1336337,,,,0.7284689130000288,2208959,,,,0.7341549020000002,2255473,,
,0.2835810869999875,3072585,,,,0.42910661399997707,3044659,,,,0.30704708199999686,3072104,,,,0.26985493899999824,1508055,,,,0.24262282099999766,1340721,,,,0.7548710899999946,2288757,,,,0.7538950190000264,2172350,,
,0.2671151500000235,2916756,,,,0.4299467360000051,3020797,,,,0.3238632019999841,3194200,,,,0.27801868100002025,1514434,,,,0.251690740999976,1347699,,,,0.759993651000002,2257357,,,,0.7393762869999705,2157373,,
,0.269255467000022,2941738,,,,0.4300195489999794,3092053,,,,0.3223473120000051,3082591,,,,0.2814117119999935,1505644,,,,0.24419974999997862,1325043,,,,0.7605354419999912,2261873,,,,0.7386863639999888,2275887,,
,0.2681096009999919,2951227,,,,0.4385494600000186,3131434,,,,0.32380061599999976,3153958,,,,0.2739883319999876,1525207,,,,0.25112282200001346,1356695,,,,0.7530498009999747,2254092,,,,0.7187986380000098,2119357,,
,0.27219620900001473,2934981,,,,0.42568524600000046,3006072,,,,0.3160262009999997,3132370,,,,0.27693659600001297,1526945,,,,0.24716488100000333,1352577,,,,0.7487464010000053,2292822,,,,0.7216438799999878,2127295,,
,,,,,,,,,,,,,,,,,,,,,,,,,,,,,,,,,,,,,,,,,,,,,,,,,,,,,,,,,,,,,,,,,,,
Method:QS1pL,Times,Comparisons,Size: 1000000,,Method:QS1pM,Times,Comparisons,Size: 1000000,,Method:QS1pR,Times,Comparisons,Size: 1000000,,Method:QS2pR,Times,Comparisons,Size: 1000000,,Method:QS3pR,Times,Comparisons,Size: 1000000,,Method:QS2pRPre,Times,Comparisons,Size: 1000000,,Method:QS3pRPre,Times,Comparisons,Size: 1000000,
,3.642048826000007,36772432,,,,5.457684959999938,36879176,,,,3.918946406000032,36631617,,,,3.675231606999887,18262370,,,,3.2931267909998496,15485412,,,,15.556621870000072,26776448,,,,16.175439267,25301612,,
,3.592012731000011,36518903,,,,5.191354979999915,36090831,,,,3.8714220580000074,36778557,,,,3.6804455300000427,18554213,,,,3.209914673000185,15553768,,,,15.552774427000031,27505520,,,,16.31384671800015,24982750,,
,3.5152282409999884,35010100,,,,5.406296567000027,39015962,,,,3.9407044429999587,37210837,,,,3.6484238780001306,18414840,,,,3.1850287120000758,15424450,,,,15.934708858000022,26925948,,,,16.158792023999922,26795528,,
,3.6223912199999972,35834350,,,,5.246138198999915,36571727,,,,4.019465295000032,37336946,,,,3.6880236609999884,18332532,,,,3.2981779550000283,15730360,,,,15.553571527000031,26541227,,,,16.03452872800017,25623875,,
,3.5262242369999512,34998212,,,,5.280137547999971,36629193,,,,3.9360847150001064,36940847,,,,3.5712364899998192,17960579,,,,3.301019315000076,15823835,,,,15.452007753000089,26556144,,,,15.627825557000051,25272868,,
,3.817017172000021,36500289,,,,5.172563286000013,35994536,,,,3.9338885710000113,37239396,,,,3.5270002440001917,17862533,,,,3.1963024679998853,15344190,,,,16.116533419999996,26653444,,,,15.427022522999778,24658189,,
,3.7238242279999554,35734133,,,,5.31563828600008,37518979,,,,3.888499517000014,36413187,,,,3.616152899000099,18265767,,,,3.280927758999951,15736165,,,,16.06818295400012,25649040,,,,16.089971921000142,25248938,,
,3.5437808440000254,35341537,,,,5.260052492,36397546,,,,3.901916994999965,36222092,,,,3.5874433800001952,18193528,,,,3.1414447209999707,15151461,,,,16.077645359000144,27263433,,,,15.793022320000091,24789984,,
,3.631870016999983,36347765,,,,5.185186240999997,36080812,,,,3.9571388049999996,37019152,,,,3.4755562590000864,17584619,,,,3.230607684000006,15559432,,,,16.15168522199997,26186158,,,,16.00288517199988,24945671,,
,3.5460436829999935,35687085,,,,5.255128561999982,37202062,,,,3.9745991099999856,37190412,,,,3.6156899549998798,18138269,,,,3.1670570549999866,15336970,,,,16.107055155000126,26494487,,,,15.848388196000087,26450920,,
,3.543676332000018,35546909,,,,5.261359132999928,36304710,,,,4.025092833999906,38148716,,,,3.634227150000015,18345055,,,,3.181649903000107,15481950,,,,16.189099252000005,26388508,,,,15.497553759999846,24641109,,
,3.501077482000028,35100574,,,,5.266398199000037,36892416,,,,3.9728733520000787,37062004,,,,3.669326101000024,18387788,,,,3.1485314030001064,15170348,,,,16.207631982000066,26747447,,,,15.55135631100029,24667157,,
,3.558700901000009,35748512,,,,5.230106587000023,36558318,,,,3.898145594000084,36315314,,,,3.6500375939999685,18165640,,,,3.315568873999837,15481104,,,,16.25937646200009,28351440,,,,16.16884849799999,25192858,,
,3.6635353080000073,36648336,,,,5.226835321999943,36825344,,,,3.982584582999948,37677791,,,,3.644450282999969,18623476,,,,3.308834751999939,15600633,,,,16.45265642000004,27313754,,,,15.92120007099993,24400406,,
,3.657812368000009,36754616,,,,5.264867754999955,37115602,,,,3.9216393779998953,36942191,,,,3.492337258999896,17552094,,,,3.2555665659999704,15671623,,,,16.47217099999989,26402958,,,,16.40914544599991,25463628,,
,3.505440137999983,35028131,,,,5.21564552399991,36756479,,,,4.000568772999941,37279503,,,,3.646410418999949,18159899,,,,3.284158411000135,15768473,,,,16.223147956000048,26532792,,,,16.273274242999832,25246856,,
,3.5719591359999754,35656275,,,,5.238710040000001,36885916,,,,4.0021442750000915,37495996,,,,3.606015388999822,18156167,,,,3.165322665999838,15254850,,,,16.06683518800014,26456375,,,,16.04272625800013,24782679,,
,3.617498697999963,35826244,,,,5.161212167000031,36250253,,,,3.9219195210000635,36899023,,,,3.645014290000063,18432166,,,,3.3112069589999464,15722566,,,,16.301942552000128,26297567,,,,15.63421063199985,25059236,,
,3.6153838039999755,36418583,,,,5.15900375700005,36266523,,,,3.949461367999902,37230625,,,,3.554205687999911,17888754,,,,3.249744015000033,15663400,,,,16.063889080999843,26162375,,,,15.021954370999993,25342739,,
,3.6135768130000088,35467496,,,,5.298285231000023,36945738,,,,4.024205366999922,38228738,,,,3.8013972869998724,19053455,,,,3.192519220000122,15137483,,,,16.17396931899998,26418120,,,,15.524295372999859,25665314,,
,3.6733458019999716,36046827,,,,5.129313391000096,36009505,,,,3.9153761709999344,36658669,,,,3.592367976000105,18094053,,,,3.2171399530000144,15218707,,,,16.11667107900007,25734189,,,,15.226106097000411,24838681,,
,3.721298606000005,36310415,,,,5.265987213000017,36223004,,,,3.9998154970000996,37322191,,,,3.7103442269999505,18722241,,,,3.2042619470000773,15391346,,,,16.06309127999998,26859831,,,,15.880287611000313,24964044,,
,3.6879875239999933,36236175,,,,5.257041244999982,36730408,,,,3.9210527640000237,36988933,,,,3.6841682619999574,18733696,,,,3.450823514000149,16294313,,,,16.158401828000024,27281293,,,,15.954498001000047,25624025,,
,3.6067629959999863,35630053,,,,5.102618167999935,35522102,,,,3.910091217000172,37037736,,,,3.626846572999966,18340832,,,,3.2588391750000483,15274094,,,,16.69154357000002,26303612,,,,15.757042682000247,24973689,,
,3.6170657060000053,35520356,,,,5.173716916999979,35899410,,,,3.881480260999979,36766842,,,,3.5908061339998767,17964606,,,,3.4463750059999256,16285646,,,,16.134501698999884,26000856,,,,15.534744076000152,25422947,,
,3.628848774000005,35781808,,,,5.5335878500000035,38926790,,,,4.016523555000049,37323826,,,,3.5377513240000553,17850801,,,,3.243703360000154,15229317,,,,16.16905749600005,26959583,,,,15.317134056000214,25810381,,
,3.6528910239999846,35967410,,,,5.368873420999989,37762731,,,,4.0121144869999625,37925304,,,,3.49518943399994,17882525,,,,3.3189024100001916,15470625,,,,16.060926248999976,26352254,,,,15.616715665999891,25289402,,
,3.6105293699999947,35480853,,,,5.315188224000053,37251065,,,,3.9500093920000836,37651702,,,,3.553399018999926,18177121,,,,3.403557401999933,15575993,,,,15.812578120000126,26206538,,,,15.95612385100003,26653878,,
,6.853277044000038,36162320,,,,5.1538216189999275,35571417,,,,3.8440188120000585,36376892,,,,3.5731612979998317,17877286,,,,3.2396351319998757,15237091,,,,16.098976128999993,26321710,,,,15.820628909000334,26777928,,
,43.409815992999995,37585933,,,,5.193143308000003,36035046,,,,4.109577744000035,38234723,,,,3.600441511999861,18194405,,,,3.2789384099999097,15675480,,,,15.933436400000119,27752287,,,,15.655213767000077,25426242,,
,42.64292788,35936053,,,,5.300224146000005,36025943,,,,4.009545999000011,37815650,,,,3.597678678999955,18225943,,,,3.2102924030000395,15197742,,,,16.35364491500013,26764445,,,,15.894038450000153,24554570,,
,16.909712954999918,36661052,,,,5.3062674560000005,36719431,,,,4.001858281000068,38041897,,,,3.5552948209999613,18082996,,,,3.225672748000079,15431982,,,,16.636646250000013,27351268,,,,15.164062415999979,27083538,,
,3.652283232000059,36077964,,,,5.335696843999926,36683430,,,,4.024247708000075,38242729,,,,3.53701087200011,17736143,,,,3.3503346760001023,15889539,,,,16.069842132999838,26607020,,,,15.358500694000213,26143707,,
,3.719825205999996,36432300,,,,5.269875667000065,36533444,,,,3.963366905000157,37061030,,,,3.603992509999898,17996128,,,,3.230966874999922,15364765,,,,16.3248360270004,26138948,,,,15.640659631999824,25598578,,
,3.6134318000000576,35306938,,,,5.465296305999914,37153428,,,,4.057915472000104,38366717,,,,3.592199894000032,17931438,,,,3.1954871450000155,15261695,,,,16.327261262999855,25877437,,,,15.757536146999882,25421179,,
,3.751932786999987,35769758,,,,5.349888696999983,36712749,,,,3.992350647999956,37723432,,,,3.6311477390001983,18375690,,,,3.2264067850001084,15534197,,,,16.328548147999754,26467023,,,,15.990460663999784,24793929,,
,3.7306929540000056,36685034,,,,5.37487790800003,36464271,,,,3.877766520000023,36827245,,,,3.7143170630001805,18470467,,,,3.150462736999998,15190287,,,,16.57582727399995,25744199,,,,15.509052180999788,24995860,,
,3.6593649850000247,35878738,,,,5.218384391999962,36527673,,,,3.9879750939999212,37463736,,,,3.600342810000029,17920099,,,,3.358575536999979,15999928,,,,16.57168534099992,25946829,,,,15.465685551000206,25772627,,
,3.6282764740000175,35968125,,,,5.112068581000017,35654036,,,,3.9065351160002137,36521068,,,,3.664408301999856,17995418,,,,3.2348459170000297,15406738,,,,16.444415568000295,26300001,,,,15.734223836999718,25676605,,
,3.5278640149999774,35905619,,,,5.176560041000016,36418736,,,,4.110479863999899,38619179,,,,3.7085754069998984,18360766,,,,3.17684601499991,15050007,,,,16.401723987999958,25827905,,,,15.544146054999601,26831205,,
,3.762820036999983,36342921,,,,5.236118171000044,36257787,,,,3.9127867210002023,36565319,,,,3.590753192999955,18201981,,,,3.224919251999836,15279503,,,,16.4057995080002,25761778,,,,15.380123901999923,24968885,,
,3.6047756899999968,35896317,,,,5.189651746999971,36947287,,,,3.9988297560000774,37644887,,,,3.569407930999887,17981967,,,,3.2051514279999083,15521003,,,,16.574090591000186,26543920,,,,15.940397580999615,25000934,,
,3.7519074379999893,36415112,,,,5.336590039000043,37687981,,,,3.94295054600002,37097167,,,,3.62742710800012,18452486,,,,3.2515462680000837,15685649,,,,15.864811841000119,26441171,,,,15.521077778999825,25784648,,
,3.8436639920000744,36213049,,,,5.2346672600000375,37212270,,,,4.00539328900004,37666004,,,,3.6214068720000796,18257418,,,,3.191839416999983,15158389,,,,16.25376746699976,26124028,,,,15.695224576000328,25234377,,
,3.8939448349999566,36747969,,,,5.067561632000093,35645938,,,,4.029507598999999,37900890,,,,3.6726955579999867,18493970,,,,3.256205504000036,15367797,,,,16.89958731600018,26588961,,,,15.794382705999851,25867001,,
,3.8060248930000853,36288115,,,,5.179458442000055,36541149,,,,4.022202107000112,37592897,,,,3.6746615520000887,18327111,,,,3.2058431230000224,15405664,,,,16.662496507000014,26196547,,,,15.866206616999989,26568770,,
,3.683794988000045,35280113,,,,5.142376399,36066808,,,,4.048952078000184,38080116,,,,3.732265462999976,18932493,,,,3.1947268080000413,15504264,,,,16.32516110000006,25867170,,,,15.725204635999944,25617072,,
,3.7140672079999604,35527550,,,,5.122301973000049,36282067,,,,4.0049766569998155,37632996,,,,3.592167518999986,18273783,,,,3.2103549129999465,15462346,,,,16.723404181000205,26545504,,,,15.820767498999885,25167435,,
,3.69646709999995,35389452,,,,5.168903712999963,36294163,,,,3.964872941999829,37342486,,,,3.740685866999911,18726793,,,,3.151408212999968,15252291,,,,16.217025006999847,26716580,,,,15.239245458999903,25901361,,
,3.678151015000026,35441355,,,,5.16608453799995,36053195,,,,3.9093502569999146,37136531,,,,3.5887862549998317,18071880,,,,3.2257337619998907,15608144,,,,16.304776545000095,27342166,,,,15.627667164000286,25664100,,
,,,,,,,,,,,,,,,,,,,,,,,,,,,,,,,,,,,,,,,,,,,,,,,,,,,,,,,,,,,,,,,,,,,,,,,,,,,,,,,,,,,,,,,,,,,,,,,,,,,,,
Method:QS1pL,Times,Comparisons,Size: 10000000,,Method:QS1pM,Times,Comparisons,Size: 10000000,,Method:QS1pR,Times,Comparisons,Size: 10000000,,Method:QS2pR,Times,Comparisons,Size: 10000000,,Method:QS3pR,Times,Comparisons,Size: 10000000,,Method:QS2pRPre,Times,Comparisons,Size: 10000000,,Method:QS3pRPre,Times,Comparisons,Size: 10000000,
,46.964429298999676,435244594,,,,63.25388712499989,433845603,,,,53.97702948699953,435344169,,,,46.6112399779995,206901340,,,,41.26316749000034,176254854,,,,423.0010183960003,309924646,,,,420.6141484139953,294441476,,
,45.09140827700003,420587139,,,,62.42488854899966,430082606,,,,53.99416910800028,440364409,,,,46.79230998800085,205800905,,,,42.126425922000635,177042288,,,,418.13064685399877,299764964,,,,412.3107693899947,291343757,,
,45.029593704000035,417902834,,,,62.91740992999985,420054611,,,,52.03954671700012,430115948,,,,47.279432671000905,205990904,,,,41.10075938999944,174628001,,,,422.72669144300016,299862732,,,,409.4019573819969,298825767,,
,46.15542648900009,416950741,,,,62.60268558900043,430742950,,,,49.35082784699989,432983558,,,,45.624597400999846,205861038,,,,41.921150067999406,178519853,,,,421.3200572780006,307836405,,,,419.50864783600264,284246941,,
,47.924061654999605,441670193,,,,62.49405929899967,423167726,,,,51.28851212399968,448016758,,,,45.932858168000166,205003643,,,,40.789299531001234,175121243,,,,411.36110448199906,307817019,,,,414.41915601099754,296822726,,
,46.02444715799993,424995246,,,,62.703805973999806,422451325,,,,49.922093864999624,435899365,,,,46.88663860199995,209660831,,,,40.8573485729994,175842826,,,,414.6107156629987,302809001,,,,426.86024040399934,291506234,,
,45.188933645999896,420365867,,,,62.92183519900027,433828916,,,,49.87251183999979,440311306,,,,46.2458298269994,205243293,,,,42.288781608000136,176519326,,,,416.5058188570001,320923168,,,,412.586671635996,294159848,,
,45.577562599999965,415325736,,,,62.78967209599978,435523374,,,,49.65003328400053,437816761,,,,46.82063295199987,207493927,,,,42.33839456500027,175879484,,,,400.97544782800105,310335473,,,,419.07097681199957,295986967,,
,46.8248039580003,414258946,,,,61.97860080800001,421863885,,,,48.785907138000766,428395931,,,,47.76911545799885,210934070,,,,43.51519621400075,180909621,,,,408.9522556810007,306457427,,,,424.6150199370022,290628653,,
,46.16489721100015,412216260,,,,61.452714807999655,418873414,,,,49.278223184001035,431692485,,,,48.13677752900003,212876984,,,,43.59137767900029,180251678,,,,405.6139852100023,328615079,,,,414.01309344200126,307686933,,
,47.363825474999885,427400222,,,,62.7279306420005,428438338,,,,50.11967487500078,431809937,,,,49.32786549499906,217569125,,,,41.16992061000019,173249261,,,,404.3863582539998,310683300,,,,426.6760739859965,294179748,,
,46.52588402599986,422482554,,,,63.28494944399972,441205115,,,,49.53575717200147,428671040,,,,44.82595773600042,202993210,,,,42.08483392500057,175780571,,,,419.0439520619984,300474801,,,,411.32848688800004,287229155,,
,46.74614819499993,425436947,,,,61.057160110999575,426550013,,,,49.60250210599952,439226383,,,,45.26377050799965,206997451,,,,43.02911610500087,178049529,,,,419.3269652359995,304136227,,,,421.5359119170025,283110951,,
,47.99223396299976,437232072,,,,60.50299952499972,422427357,,,,48.92198972300139,432169155,,,,46.07920776100036,209866522,,,,42.582381703001374,178331461,,,,410.79344355899957,303948612,,,,415.45789749999676,289844053,,
,46.72608111499994,421942232,,,,60.56942240999979,420384974,,,,49.124305366000044,430157073,,,,45.64763366899933,209957541,,,,42.12730010300038,176319324,,,,396.4347262099982,321686210,,,,421.84406831499655,293427533,,
,46.950345220000145,425244901,,,,61.094996342999366,420059085,,,,51.59238984399963,444422638,,,,45.74800485800006,208077402,,,,43.987232637999114,182039746,,,,427.1233471329979,304792754,,,,421.64625435800554,288711849,,
,46.643080536000525,418660915,,,,61.60666018499978,421312287,,,,51.071543852000104,443164398,,,,46.583000014999925,214536811,,,,42.310904005998964,176373319,,,,426.1269642840016,300974445,,,,423.59905052900285,285514533,,
,45.869382396999754,414052402,,,,62.58830902600039,434827866,,,,50.22376775799967,433439276,,,,46.68660759799968,214779034,,,,41.50173581799936,173293106,,,,419.660104953,307596556,,,,421.3702248519985,279758428,,
,47.08339959100067,424712259,,,,61.70840116399995,433939774,,,,50.691320625001026,437141220,,,,45.62281615500069,207945712,,,,42.35599246200036,176479850,,,,417.21635337300177,305357310,,,,419.4795110030027,288917120,,
,46.78215607400034,422016630,,,,61.49290658400059,423949379,,,,49.96092761299951,426405781,,,,46.12083580900071,211287600,,,,40.77192251999986,172186007,,,,413.5643303200013,302245346,,,,418.46065170100337,297912780,,
,47.5201179300002,428554672,,,,66.03358094600026,425701446,,,,50.094377793000604,430162995,,,,46.05232239900033,209566267,,,,42.34512015300061,177713019,,,,418.96692922299917,313800087,,,,416.1856834459977,295654015,,
,46.873330321999674,426089780,,,,63.15373194299991,426546203,,,,50.43500329000017,430722076,,,,45.13303075699878,208145736,,,,42.42808743800015,175081773,,,,412.80195669800014,325612124,,,,426.81640469899867,286137486,,
,46.176536331000534,415860353,,,,63.0620872720001,427068808,,,,50.34538675799922,439103381,,,,48.71788734800066,224730748,,,,42.689366246000645,174594227,,,,425.6335992429995,300812831,,,,427.2672178829962,285463327,,
,46.09555542599992,417097301,,,,65.66370770899994,433744504,,,,50.98556669699974,430558848,,,,46.91385117900063,216452213,,,,42.074058229,174962832,,,,420.19940039599896,303441445,,,,413.57659496999986,290238255,,
,46.2609306559998,419095055,,,,65.14400463700076,423532945,,,,52.7370457750003,435147419,,,,46.23107011199863,211743269,,,,42.88032096799907,181496995,,,,424.91225253899756,297742318,,,,409.191504041999,301837794,,
,45.569973599999685,415565172,,,,63.76996112800043,423452004,,,,51.49752247200013,439801349,,,,44.84683193100136,206040400,,,,41.00626686100077,174864059,,,,409.3238321869976,308308937,,,,422.13808066999627,290963204,,
,46.51087624699994,418016260,,,,62.29290060399944,420893156,,,,50.67408475999946,429674362,,,,45.86499149299925,211926693,,,,41.615551369999594,174842407,,,,419.3433050060012,304946318,,,,427.0826758619951,295889489,,
,46.83411901799991,418898146,,,,63.7540216819998,419516745,,,,50.45772720899913,430055928,,,,46.121378796999124,212394368,,,,41.98379785799989,176866910,,,,420.94066625100095,300370544,,,,411.6070664240033,291404648,,
,46.05000554599974,412234541,,,,63.514098196000305,428224959,,,,50.2442131659991,431713149,,,,45.11212406100094,206430768,,,,41.76785640199887,177049275,,,,420.76726725400295,309170931,,,,419.0484624259989,291490087,,
,47.07434307099993,420480211,,,,62.796231960000114,423839699,,,,49.201032465000026,429879830,,,,48.09069723399989,206214707,,,,42.00685479300046,176521304,,,,423.50372594500004,300684840,,,,419.0827061259988,285265998,,
,46.15097270099977,415358127,,,,62.56293565099986,420529972,,,,49.50723365900012,435560218,,,,46.20959921300164,205467601,,,,40.73148391900031,174331590,,,,423.40339868199953,305935814,,,,425.9109963279989,285449295,,
,46.773172660000455,418271379,,,,61.34595948800052,421067883,,,,50.491710136999245,448422515,,,,48.36067434100005,213702980,,,,40.618053129001055,173771609,,,,411.1524430950012,317237380,,,,422.112198806004,295633836,,
,47.21937934000016,427088351,,,,62.606703680000464,427554961,,,,49.0347951269996,431870380,,,,46.5518089720008,208215143,,,,42.18650921799963,178244815,,,,422.4021010719989,306436576,,,,414.02834737500234,296082110,,
,46.23200086700035,418871289,,,,62.1222301910002,426300528,,,,50.0617237890001,430723978,,,,46.05887872099993,205712043,,,,40.90607074000036,173335783,,,,417.2497891029998,307204550,,,,408.57935880900186,293753399,,
,45.255071039999166,420145146,,,,61.62335895599972,420923665,,,,49.882407993000015,434227939,,,,46.64230101400062,209335481,,,,41.6557013299971,176552403,,,,417.00724335500126,305882690,,,,405.6860180080039,299615031,,
,44.88948048400016,414163746,,,,62.00047826700029,426997910,,,,49.91229371699956,438140291,,,,46.39190280799994,207021188,,,,42.37046954299876,179448077,,,,425.10474216999864,312664109,,,,432.1002978469987,289788160,,
,46.00392149599975,428034797,,,,62.02249375100109,427855405,,,,49.292628360999515,427703354,,,,47.16379448299995,212453171,,,,41.770223596002324,176901366,,,,420.1638604499967,299892889,,,,420.56415933300013,292049730,,
,45.323788251000224,419173977,,,,63.11214696299976,426003203,,,,49.13669543300057,429994111,,,,47.32996827899842,212456665,,,,41.69443603099717,179259662,,,,425.11664111199934,313934443,,,,425.2268091110018,292717834,,
,44.98478470200007,418678392,,,,62.44895706399984,423049105,,,,50.00004420299956,439781619,,,,45.260248009999486,206881706,,,,42.50452417199995,177822410,,,,413.9131609650067,305977263,,,,416.55448177200014,289625170,,
,45.180123314999946,419992467,,,,61.10670502400171,419894009,,,,50.23705045300085,441520638,,,,46.30845089699869,212199293,,,,41.60417133100054,176691889,,,,420.3625883949935,310230637,,,,423.8912578419986,297445015,,
,45.51928676100033,424942204,,,,62.61730367100063,420917235,,,,50.54359156300052,444677262,,,,45.11319624299904,206370389,,,,41.22970506599813,175456150,,,,417.4983264809998,300234922,,,,418.42928318499617,301636925,,
,45.23609705999934,420145675,,,,62.73931255500065,419190129,,,,49.30065594900043,432830856,,,,45.09062520599946,208421286,,,,41.12107600799936,176036143,,,,402.5017371549984,309495552,,,,421.3358013850011,287947106,,
,45.59612595599992,422756695,,,,61.75044814600005,428540985,,,,49.05676877199949,431242147,,,,46.47284782300085,211337861,,,,42.40994610100097,177304285,,,,416.5046655510014,304757107,,,,424.3659939420031,289619266,,
,44.843636712999796,415772410,,,,62.239785121999375,429257927,,,,49.36013407000064,434954280,,,,46.62103546199978,212679179,,,,41.53234286899897,176125537,,,,423.2771054210025,308016888,,,,422.70500371899834,287458626,,
,45.46391620800023,419821177,,,,62.179865565,428333496,,,,49.52535194199845,439385156,,,,46.73302085100113,212239037,,,,41.96722390599825,175941928,,,,414.82330789000116,316718723,,,,426.186912956,293331614,,
,44.75590572300007,414873121,,,,67.58107542700054,435573629,,,,51.647693939999954,443300966,,,,46.081223175999185,211320045,,,,42.688482732999546,177529799,,,,408.8473798250052,307988557,,,,421.446435949998,286218657,,
,44.9129057400005,417421283,,,,66.81325372100036,437378048,,,,50.20779283899901,430841555,,,,46.03320567999981,210935170,,,,42.231431821001024,177732608,,,,413.2634129959988,311294299,,,,420.3143073790052,283666194,,
,44.89661056099976,417639942,,,,64.50904757399985,420522898,,,,49.68178677400101,426734829,,,,45.049676335000186,204863994,,,,41.61652441100159,175841520,,,,420.8326342490036,314509119,,,,418.1029697030026,294039972,,
,47.57927677899988,442253132,,,,64.13263298799939,420133654,,,,49.996107338,431010746,,,,45.936674523001784,208012065,,,,41.6417784639998,175876709,,,,423.03799500499736,312158640,,,,421.67375346599874,292379445,,
,45.63595570599955,420905577,,,,63.74533924500065,422459098,,,,50.486270509998576,439471657,,,,45.694844417999775,210524065,,,,42.59303460900264,178839808,,,,416.4348112150037,301728863,,,,412.703026864001,292447671,,
,,,,,,,,,,,,,,,,,,,,,,,,,,,,,,,,,,,,,,,,,,,,,,,,,,,,,,,,,,,,,,,,,,,,,,,,,,,,,,,,,,,,,,,,,,,,,,,,,,,,,,,,,,,,,,,,,,,,,,,,,,,,,,,,,,,,,,,
